diagnosis,area_mean_fct,n,prop
B,Normal,310,0.5448154657293497
B,Small,47,0.08260105448154657
M,Large,67,0.11775043936731107
M,Normal,122,0.21441124780316345
M,Very Large,23,0.040421792618629174
